"country","iso2","iso3","iso_numeric","g_whoregion","year","source_hh","e_hh_size","prevtx_data_available","newinc_con04_prevtx","ptsurvey_newinc","ptsurvey_newinc_con04_prevtx","e_prevtx_eligible","e_prevtx_eligible_lo","e_prevtx_eligible_hi","e_prevtx_kids_pct","e_prevtx_kids_pct_lo","e_prevtx_kids_pct_hi"
"Afghanistan","AF","AFG","004","EMR",2020,"DHS; 2015-10-19",8.036738,60,23336,,,24000,22000,26000,96,89,100
"Albania","AL","ALB","008","EUR",2020,"DYB; 2011-07-01",3.855303,60,2,,,8,5.2,11,25,18,39
"Algeria","DZ","DZA","012","AFR",2020,"Dépenses de consommation des ménages algériens en, 2011",6,0,,,,730,470,990,,,
"Angola","AO","AGO","024","AFR",2020,"DHS; 2016-01-01",4.815657,0,,,,25000,23000,27000,,,
"Argentina","AR","ARG","032","AMR",2020,"DYB; 2010-07-01",3.258658,0,,,,430,280,580,,,
"Armenia","AM","ARM","051","EUR",2020,"DYB; 2011-07-01",3.956258,60,23,,,52,48,57,44,40,48
"Aruba","AW","ABW","533","AMR",2020,"DYB; 2010-07-01",2.889447,0,,,,0.15,0.13,0.16,,,
"Australia","AU","AUS","036","WPR",2020,"DYB; 2011-07-01",2.504736,60,45,,,34,22,46,100,99,100
"Austria","AT","AUT","040","EUR",2020,"DYB; 2011-07-01",2.267999,,,,,7.2,4.6,9.7,,,
"Azerbaijan","AZ","AZE","031","EUR",2020,"DYB; 2009-07-01",4.548529,60,291,,,210,140,280,100,100,100
"Bahamas","BS","BHS","044","AMR",2020,"DYB; 2010-07-01",3.395638,60,2,,,1.2,0.78,1.6,100,100,100
"Bahrain","BH","BHR","048","EMR",2020,"Household expenditure and income survey, 2005-2006",5.7,60,14,,,9.2,6,12,100,100,100
"Bangladesh","BD","BGD","050","SEA",2020,"DHS; 2014-08-22",4.469714,60,24069,,,49000,45000,53000,49,45,54
"Belarus","BY","BLR","112","EUR",2020,"DYB; 2009-07-01",2.426723,60,44,,,46,30,63,95,70,100
"Belgium","BE","BEL","056","EUR",2020,"DYB; 2011-07-01",2.323456,0,,,,15,9.7,20,,,
"Belize","BZ","BLZ","084","AMR",2020,"Census, 2010",4.1,0,,,,7,4.5,9.4,,,
"Benin","BJ","BEN","204","AFR",2020,"DHS; 2012-02-17",4.961135,60,2021,,,2200,2000,2400,92,85,100
"Bermuda","BM","BMU","060","AMR",2020,"DYB; 2010-07-01",2.385952,60,0,,,0.37,0.34,0.41,0,0,0
"Bhutan","BT","BTN","064","SEA",2020,"MICS, 2010",4.6,60,87,,,160,150,180,53,49,58
"Bolivia (Plurinational State of)","BO","BOL","068","AMR",2020,"DYB; 2012-07-01",3.530459,60,1190,,,1400,1300,1600,82,76,91
"Bosnia and Herzegovina","BA","BIH","070","EUR",2020,"Census, 2013",3.26,,,,,7.8,5,11,,,
"Botswana","BW","BWA","072","AFR",2020,"IPUMS; 2011-07-01",3.524023,0,,,,360,330,390,,,
"Brazil","BR","BRA","076","AMR",2020,"IPUMS; 2010-07-01",3.31149,60,1577,,,2700,1700,3600,59,44,92
"Brunei Darussalam","BN","BRN","096","WPR",2020,"Census, 2011",5.8,60,,,,25,16,34,100,100,100
"Bulgaria","BG","BGR","100","EUR",2020,"LFS; 2011-07-01",2.337625,0,,,,11,7.3,15,,,
"Burkina Faso","BF","BFA","854","AFR",2020,"DHS; 2014-10-01",5.924453,60,792,,,3400,3100,3700,24,22,26
"Burundi","BI","BDI","108","AFR",2020,"DHS; 2016-12-22",4.830194,0,,,,3400,3100,3700,,,
"Cabo Verde","CV","CPV","132","AFR",2020,"Census, 2010",4.2,,21,,,55,50,60,,,
"Cambodia","KH","KHM","116","WPR",2020,"DHS; 2014-09-01",4.611843,60,3778,,,4500,4100,4900,83,77,92
"Cameroon","CM","CMR","120","AFR",2020,"DHS; 2011-05-02",4.992342,60,4319,,,10000,9100,11000,43,40,47
"Canada","CA","CAN","124","AMR",2020,"DYB; 2011-07-01",2.466628,0,,,,30,20,41,,,
"Central African Republic","CF","CAF","140","AFR",2020,"DHS; 1994-12-08",4.906784,60,731,,,4500,4100,4900,16,15,18
"Chad","TD","TCD","148","AFR",2020,"DHS; 2015-01-16",5.77718,60,386,,,6700,6100,7300,5.8,5.3,6.3
"Chile","CL","CHL","152","AMR",2020,"DYB; 2002-07-01",3.573678,0,,,,93,60,130,,,
"China","CN","CHN","156","WPR",2020,"IPUMS; 2000-07-01",3.384408,0,,,,16000,10000,21000,,,
"China, Hong Kong SAR","HK","HKG","344","WPR",2020,"DYB; 2011-07-01",2.909351,60,15,,,83,54,110,18,13,28
"China, Macao SAR","MO","MAC","446","WPR",2020,"DYB; 2011-07-01",3.079265,60,1,,,10,6.8,14,9.6,7.1,15
"Colombia","CO","COL","170","AMR",2020,"DHS; 2015-08-28",3.526852,60,169,,,450,290,610,38,28,58
"Comoros","KM","COM","174","AFR",2020,"DHS; 2012-10-15",5.371601,,,,,,,,,,
"Congo","CG","COG","178","AFR",2020,"DHS; 2011-11-26",4.307403,60,37,,,2400,2200,2600,1.6,1.4,1.7
"Costa Rica","CR","CRI","188","AMR",2020,"DYB; 2011-07-01",3.456537,,,,,,,,,,
"Côte d'Ivoire","CI","CIV","384","AFR",2020,"DHS; 2012-03-02",5.090063,60,5370,,,9600,8700,10000,56,51,61
"Croatia","HR","HRV","191","EUR",2020,"DYB; 2011-07-01",2.795396,,,,,4.3,2.8,5.8,,,
"Cuba","CU","CUB","192","AMR",2020,"IPUMS; 2002-07-01",3.1367,60,105,,,16,10,22,100,100,100
"Cyprus","CY","CYP","196","EUR",2020,"DYB; 2011-07-01",2.75874,,,,,0.91,0.59,1.2,,,
"Czechia","CZ","CZE","203","EUR",2020,"DYB; 2011-07-01",2.340281,0,,,,8,5.2,11,,,
"Democratic People's Republic of Korea","KP","PRK","408","SEA",2020,"DYB; 2008-07-01",3.929309,60,6761,,,7100,6500,7800,95,87,100
"Democratic Republic of the Congo","CD","COD","180","AFR",2020,"DHS; 2013-11-10",5.302067,60,45026,,,110000,97000,120000,42,39,47
"Denmark","DK","DNK","208","EUR",2020,"Statistical year book, 2014",2.1,,,,,3.6,2.4,4.9,,,
"Djibouti","DJ","DJI","262","EMR",2020,"MICS, 2006",5.9,0,,,,400,370,440,,,
"Dominican Republic","DO","DOM","214","AMR",2020,"DHS; 2013-09-02",3.477934,60,85,,,130,84,180,65,48,100
"Ecuador","EC","ECU","218","AMR",2020,"DYB; 2010-07-01",3.779187,60,452,,,340,220,460,100,99,100
"Egypt","EG","EGY","818","EMR",2020,"DHS; 2014-05-20",4.130857,60,419,,,1600,1400,1700,26,24,29
"El Salvador","SV","SLV","222","AMR",2020,"IPUMS; 2007-07-01",4.069977,60,155,,,500,460,550,31,28,34
"Equatorial Guinea","GQ","GNQ","226","AFR",2020,"Census, 2015",4.7,0,,,,500,460,550,,,
"Eritrea","ER","ERI","232","AFR",2020,"Population and Health Survey, 2014",4.8,60,141,,,440,400,480,32,29,35
"Estonia","EE","EST","233","EUR",2020,"LFS; 2011-07-01",2.297518,60,11,,,3.1,2,4.2,100,100,100
"Eswatini","SZ","SWZ","748","AFR",2020,"DYB; 2007-07-01",4.73718,60,194,,,610,550,660,32,29,35
"Ethiopia","ET","ETH","231","AFR",2020,"DHS; 2016-04-07",4.614578,60,8771,,,28000,26000,31000,31,29,34
"Fiji","FJ","FJI","242","WPR",2020,"IPUMS; 2007-07-01",4.780215,60,22,,,15,9.5,20,100,100,100
"Finland","FI","FIN","246","EUR",2020,"DYB; 2010-07-01",2.074959,0,,,,2.6,1.7,3.5,,,
"France","FR","FRA","250","EUR",2020,"IPUMS; 2011-07-01",2.262828,0,,,,65,42,89,,,
"Gabon","GA","GAB","266","AFR",2020,"DHS; 2012-03-08",4.097598,61,,69,0,36,33,39,0,0,0
"Gambia","GM","GMB","270","AFR",2020,"DHS; 2013-03-13",8.229681,60,251,,,1900,1700,2100,13,12,15
"Georgia","GE","GEO","268","EUR",2020,"DYB; 2002-07-01",3.516476,60,33,,,260,230,280,13,12,14
"Germany","DE","DEU","276","EUR",2020,"DYB; 2011-07-01",2.138812,0,,,,66,43,90,,,
"Ghana","GH","GHA","288","AFR",2020,"DHS; 2014-10-22",3.492886,60,74,,,3500,3200,3800,2.1,1.9,2.3
"Greece","GR","GRC","300","EUR",2020,"IPUMS; 2011-07-01",2.555499,,,,,7.8,5,11,,,
"Guatemala","GT","GTM","320","AMR",2020,"DHS; 2015-02-26",4.805714,60,567,,,1100,960,1100,54,50,59
"Guinea","GN","GIN","324","AFR",2020,"DHS; 2012-08-06",6.250819,60,8151,,,7700,7000,8400,100,97,100
"Guinea-Bissau","GW","GNB","624","AFR",2020,"ILAP, 2010",8.3,60,481,,,2400,2200,2700,20,18,22
"Guyana","GY","GUY","328","AMR",2020,"DHS; 2009-05-20",3.795203,60,4,,,69,63,76,5.8,5.3,6.3
"Haiti","HT","HTI","332","AMR",2020,"DHS; 2012-04-06",4.428497,60,903,,,3500,3200,3800,26,24,29
"Honduras","HN","HND","340","AMR",2020,"DHS; 2012-02-21",4.467492,60,604,,,660,600,720,92,84,100
"Hungary","HU","HUN","348","EUR",2020,"DYB; 2011-07-01",2.361882,,,,,5.4,3.5,7.2,,,
"Iceland","IS","ISL","352","EUR",2020,"Census, 2011",2.59,,,,,0.19,0.12,0.26,,,
"India","IN","IND","356","SEA",2020,"DHS; 2015-12-28",4.572189,60,90813,,,220000,200000,230000,42,39,46
"Indonesia","ID","IDN","360","SEA",2020,"DHS; 2012-06-30",3.992281,60,1989,,,56000,51000,61000,3.6,3.3,3.9
"Iran (Islamic Republic of)","IR","IRN","364","EMR",2020,"DYB; 2011-07-01",3.506156,60,1313,,,260,170,350,100,100,100
"Iraq","IQ","IRQ","368","EMR",2020,"IPUMS; 1997-07-01",7.703028,60,1396,,,450,290,610,100,100,100
"Ireland","IE","IRL","372","EUR",2020,"DYB; 2011-07-01",2.726628,,,,,5.9,3.8,8,,,
"Israel","IL","ISR","376","EUR",2020,"DYB; 2008-07-01",3.141945,0,,,,6.8,4.4,9.2,,,
"Italy","IT","ITA","380","EUR",2020,"DYB; 2011-07-01",2.402592,,,,,30,19,40,,,
"Jamaica","JM","JAM","388","AMR",2020,"DYB; 2011-07-01",3.060923,,,,,2.3,1.5,3.1,,,
"Japan","JP","JPN","392","WPR",2020,"DYB; 2010-07-01",2.421682,60,102,,,180,120,250,56,41,86
"Jordan","JO","JOR","400","EMR",2020,"DHS; 2012-10-29",5.068934,0,,,,15,9.4,20,,,
"Kazakhstan","KZ","KAZ","398","EUR",2020,"DYB; 2009-07-01",3.496628,60,997,,,2100,1900,2300,47,43,51
"Kenya","KE","KEN","404","AFR",2020,"DHS; 2015-07-26",3.638824,60,8008,,,18000,16000,19000,46,42,50
"Kuwait","KW","KWT","414","EMR",2020,"Income and expenditure household survey, 2013",5.7,60,35,,,28,18,38,100,91,100
"Kyrgyzstan","KG","KGZ","417","EUR",2020,"DHS; 2012-10-15",4.214478,0,,,,980,890,1100,,,
"Lao People's Democratic Republic","LA","LAO","418","WPR",2020,"Census, 2015",5.3,60,240,,,2300,2100,2500,10,9.6,11
"Latvia","LV","LVA","428","EUR",2020,"DYB; 2011-07-01",2.37726,,,,,,,,,,
"Lebanon","LB","LBN","422","EMR",2020,"Central administration of statistics, 2007",4.23,60,70,,,30,19,41,100,100,100
"Lesotho","LS","LSO","426","AFR",2020,"DHS; 2014-11-03",3.344935,60,334,,,1000,910,1100,33,31,37
"Liberia","LR","LBR","430","AFR",2020,"DHS; 2013-05-13",4.945732,60,95,,,2500,2300,2700,3.8,3.5,4.2
"Libya","LY","LBY","434","EMR",2020,"National Survey of the population, 2012",5.35,60,11,,,88,57,120,12,9.2,19
"Lithuania","LT","LTU","440","EUR",2020,"DYB; 2011-07-01",2.382527,0,,,,18,12,24,,,
"Luxembourg","LU","LUX","442","EUR",2020,"DYB; 2011-07-01",2.413061,60,0,,,0.72,0.47,0.98,0,0,0
"Madagascar","MG","MDG","450","AFR",2020,"DHS; 2011-04-30",4.949264,60,136,,,16000,15000,17000,0.85,0.78,0.93
"Malawi","MW","MWI","454","AFR",2020,"DHS; 2015-12-17",4.508918,60,2412,,,4100,3700,4500,59,54,65
"Malaysia","MY","MYS","458","WPR",2020,"DYB; 2000-07-01",4.574381,60,1670,,,1300,830,1700,100,96,100
"Maldives","MV","MDV","462","SEA",2020,"DYB; 2014-07-01",5.334719,0,,,,5.9,3.8,8,,,
"Mali","ML","MLI","466","AFR",2020,"DHS; 2012-12-31",5.668593,60,526,,,4200,3800,4500,13,12,14
"Malta","MT","MLT","470","EUR",2020,"DYB; 2011-07-01",2.672155,0,,,,1.7,1.1,2.3,,,
"Mauritania","MR","MRT","478","AFR",2020,"Recensement Général de la Population, 2013",6.1,0,,,,1000,920,1100,,,
"Mauritius","MU","MUS","480","AFR",2020,"DYB; 2011-07-01",3.475298,61,,85,24,3.6,2.4,4.9,100,100,100
"Mexico","MX","MEX","484","AMR",2020,"IPUMS; 2015-07-01",3.740175,60,761,,,790,510,1100,96,71,100
"Mongolia","MN","MNG","496","WPR",2020,"IPUMS; 2000-07-01",4.321435,60,71,,,840,770,920,8.4,7.7,9.2
"Montenegro","ME","MNE","499","EUR",2020,"DYB; 2011-07-01",3.214011,60,,,,1.4,0.93,1.9,100,100,100
"Morocco","MA","MAR","504","EMR",2020,"IPUMS; 2004-07-01",5.236166,60,344,,,5600,5100,6200,6.1,5.6,6.7
"Mozambique","MZ","MOZ","508","AFR",2020,"DHS; 2011-08-29",4.366363,60,27393,,,20000,18000,22000,100,100,100
"Myanmar","MM","MMR","104","SEA",2020,"DHS; 2016-03-22",4.223794,60,2139,,,15000,13000,16000,15,14,16
"Namibia","NA","NAM","516","AFR",2020,"DHS; 2013-07-25",4.238224,60,1630,,,2300,2100,2500,71,65,78
"Nepal","NP","NPL","524","SEA",2020,"DHS; 2016-10-10",4.239365,60,1995,,,5200,4700,5600,38,35,42
"Netherlands","NL","NLD","528","EUR",2020,"LFS; 2011-07-01",2.226392,60,12,,,7.8,5.1,11,100,100,100
"New Zealand","NZ","NZL","554","WPR",2020,"DYB; 2006-07-01",2.697973,,,,,6.2,4,8.4,,,
"Nicaragua","NI","NIC","558","AMR",2020,"IPUMS; 2005-07-01",4.919877,60,373,,,610,560,670,61,56,67
"Niger","NE","NER","562","AFR",2020,"DHS; 2012-04-24",5.916849,60,7417,,,9600,8700,10000,78,71,85
"Nigeria","NG","NGA","566","AFR",2020,"DHS; 2015-10-31",4.901429,60,8825,,,72000,66000,79000,12,11,13
"North Macedonia","MK","MKD","807","EUR",2020,"Household Consumption in The Republic of Macedonia, 2014",3.69,60,5,,,5.1,3.3,6.9,98,73,100
"Norway","NO","NOR","578","EUR",2020,"DYB; 2011-07-01",2.215437,60,13,,,2.5,1.6,3.3,100,100,100
"occupied Palestinian territory, including east Jerusalem","PS","PSE","275","EMR",2020,"DYB; 2007-07-01",5.887067,60,2,,,9.2,8.4,10,22,20,24
"Oman","OM","OMN","512","EMR",2020,"DYB; 2003-07-01",8.017711,60,61,,,43,28,58,100,100,100
"Pakistan","PK","PAK","586","EMR",2020,"DHS; 2013-01-08",6.804479,60,4145,,,84000,76000,91000,5,4.5,5.4
"Panama","PA","PAN","591","AMR",2020,"IPUMS; 2010-07-01",3.670083,,,,,49,32,66,,,
"Papua New Guinea","PG","PNG","598","WPR",2020,"Census, 2011",5.5,60,884,,,3800,3500,4200,23,21,25
"Paraguay","PY","PRY","600","AMR",2020,"IPUMS; 2002-07-01",4.632442,60,89,,,610,560,670,15,13,16
"Peru","PE","PER","604","AMR",2020,"DHS; 2012-07-31",3.752182,60,1553,,,4300,3900,4700,36,33,40
"Philippines","PH","PHL","608","WPR",2020,"DHS; 2013-09-13",4.742039,60,2455,,,44000,40000,48000,5.6,5.1,6.2
"Poland","PL","POL","616","EUR",2020,"DYB; 2011-07-01",2.815809,,,,,83,54,110,,,
"Portugal","PT","PRT","620","EUR",2020,"DYB; 2011-07-01",2.580916,60,57,,,21,14,29,100,100,100
"Puerto Rico","PR","PRI","630","AMR",2020,"IPUMS; 2010-07-01",2.670502,60,2,,,0.44,0.29,0.6,100,100,100
"Qatar","QA","QAT","634","EMR",2020,"Census, 2010",5.3,60,27,,,23,15,31,100,87,100
"Republic of Korea","KR","KOR","410","WPR",2020,"DYB; 2005-07-01",2.878872,60,212,,,370,240,500,58,43,89
"Republic of Moldova","MD","MDA","498","EUR",2020,"DHS; 2005-07-14",2.819911,60,65,,,140,130,150,46,42,51
"Romania","RO","ROU","642","EUR",2020,"DYB; 2011-07-01",2.667187,60,2368,,,170,110,230,100,100,100
"Russian Federation","RU","RUS","643","EUR",2020,"DYB; 2010-07-01",2.583549,60,4928,,,1200,750,1600,100,100,100
"Rwanda","RW","RWA","646","AFR",2020,"DHS; 2015-01-19",4.259293,60,1359,,,2200,2000,2400,62,57,68
"Sao Tome and Principe","ST","STP","678","AFR",2020,"DHS; 2008-11-13",3.836451,0,,,,25,23,27,,,
"Saudi Arabia","SA","SAU","682","EMR",2020,"Census, 2010",5.6,60,60,,,200,130,270,30,22,46
"Senegal","SN","SEN","686","AFR",2020,"DHS; 2016-07-13",8.306205,60,3805,,,12000,11000,13000,33,30,36
"Serbia","RS","SRB","688","EUR",2020,"DYB; 2011-07-01",2.879165,0,,,,4.9,3.2,6.6,,,
"Seychelles","SC","SYC","690","AFR",2020,"DYB; 2002-07-01",3.778621,60,0,,,1.9,1.7,2.1,0,0,0
"Sierra Leone","SL","SLE","694","AFR",2020,"DHS; 2013-08-18",5.899075,0,,,,7500,6800,8100,,,
"Singapore","SG","SGP","702","WPR",2020,"DYB; 2010-07-01",3.291435,60,34,,,41,26,55,84,62,100
"Sint Maarten (Dutch part)","SX","SXM","534","AMR",2020,"DYB; 2011-07-01",2.579897,0,,,,0.18,0.16,0.19,,,
"Slovakia","SK","SVK","703","EUR",2020,"DYB; 2011-07-01",2.895863,5,,,,2.7,1.8,3.7,,,
"Slovenia","SI","SVN","705","EUR",2020,"LFS; 2011-07-01",2.472212,60,13,,,1.8,1.2,2.5,100,100,100
"Solomon Islands","SB","SLB","090","WPR",2020,"Census, 2009",5.5,0,,,,120,110,130,,,
"Somalia","SO","SOM","706","EMR",2020,"Population estimation survey, 2014",5.9,60,753,,,7800,7100,8500,9.6,8.8,11
"South Africa","ZA","ZAF","710","AFR",2020,"DYB; 2011-07-01",3.38474,60,15392,,,30000,27000,33000,51,47,56
"South Sudan","SS","SSD","728","AFR",2020,"IPUMS; 2008-07-01",5.947973,0,,,,6300,5700,6800,,,
"Spain","ES","ESP","724","EUR",2020,"DYB; 2011-07-01",2.57551,,,,,43,28,58,,,
"Sri Lanka","LK","LKA","144","SEA",2020,"Census, 2012",3.9,60,611,,,1100,970,1200,57,52,63
"Sudan","SD","SDN","729","EMR",2020,"IPUMS; 2008-07-01",5.590376,60,1383,,,5600,5100,6100,24,22,27
"Suriname","SR","SUR","740","AMR",2020,"DYB; 2004-07-01",3.940808,60,1,,,6.4,4.2,8.7,16,11,24
"Sweden","SE","SWE","752","EUR",2020,"Statistics Sweden, 2014",2.22,0,,,,5.9,3.8,7.9,,,
"Switzerland","CH","CHE","756","EUR",2020,"DYB; 2000-07-01",2.244596,60,9,,,7,4.5,9.5,100,95,100
"Syrian Arab Republic","SY","SYR","760","EMR",2020,"MICS, 2006",5.4,60,172,,,700,630,760,25,23,27
"Tajikistan","TJ","TJK","762","EUR",2020,"DHS; 2012-08-16",6.27058,60,2938,,,1500,1400,1600,100,100,100
"Thailand","TH","THA","764","SEA",2020,"IPUMS; 2000-07-01",3.693784,60,6501,,,7800,7100,8500,84,77,92
"Timor-Leste","TL","TLS","626","SEA",2020,"DHS; 2009-11-06",5.84476,60,784,,,1100,990,1200,72,66,79
"Togo","TG","TGO","768","AFR",2020,"DHS; 2014-01-28",4.551311,60,389,,,1100,1000,1200,34,31,37
"Tokelau","TK","TKL","772","WPR",2020,"DYB; 2011-07-01",5.243902,5,,,,0,0,0,,,
"Trinidad and Tobago","TT","TTO","780","AMR",2020,"IPUMS; 2011-07-01",3.290868,60,6,,,7.6,4.9,10,79,58,100
"Tunisia","TN","TUN","788","EMR",2020,"Census, 2014",4.05,60,90,,,68,44,93,100,97,100
"Turkey","TR","TUR","792","EUR",2020,"DHS; 2004-02-21",4.071314,60,706,,,350,220,470,100,100,100
"Turkmenistan","TM","TKM","795","EUR",2020,"DHS, 2000",5.1,60,,,,97,63,130,100,100,100
"Uganda","UG","UGA","800","AFR",2020,"DHS; 2016-09-17",4.534338,60,7642,,,23000,21000,25000,34,31,37
"Ukraine","UA","UKR","804","EUR",2020,"DHS; 2007-09-14",2.458298,60,1445,,,1200,1100,1300,100,100,100
"United Arab Emirates","AE","ARE","784","EMR",2020,"Census, 2005",4.8,60,0,,,2,1.3,2.6,0,0,0
"United Kingdom of Great Britain and Northern Ireland","GB","GBR","826","EUR",2020,"DYB; 2011-07-01",2.346858,,,,,60,39,81,,,
"United Republic of Tanzania","TZ","TZA","834","AFR",2020,"DHS; 2015-11-17",4.851548,60,12888,,,21000,19000,23000,62,57,68
"United States of America","US","USA","840","AMR",2020,"DYB; 2010-07-01",2.576832,0,,,,180,110,240,,,
"Uruguay","UY","URY","858","AMR",2020,"DYB; 2011-07-01",2.795547,60,118,,,31,20,41,100,100,100
"Uzbekistan","UZ","UZB","860","EUR",2020,"DHS; 1996-08-19",5.242077,60,1925,,,2300,2100,2500,85,78,93
"Venezuela (Bolivarian Republic of)","VE","VEN","862","AMR",2020,"IPUMS; 2001-07-01",4.331362,60,262,,,550,360,750,47,35,73
"Viet Nam","VN","VNM","704","WPR",2020,"IPUMS; 2009-07-01",3.783099,60,809,,,16000,15000,18000,5,4.6,5.5
"Yemen","YE","YEM","887","EMR",2020,"DHS; 2013-10-25",6.672681,60,119,,,2100,1900,2200,5.8,5.3,6.3
"Zambia","ZM","ZMB","894","AFR",2020,"DHS; 2013-12-10",5.130789,60,3797,,,14000,12000,15000,28,25,30
"Zimbabwe","ZW","ZWE","716","AFR",2020,"DHS; 2015-09-27",4.077179,60,1808,,,4300,3900,4700,42,39,46
